{
    "width": 640,
    "height": 480,
    "intrinsic_matrix": [
        552.0291012161067,
        0,
        0,
        0,
        552.0291012161067,
        0,
        320.0,
        240.0,
        1
    ]
}